2025-11-22_17-12-03,0,draft.py:2025-11-22_17-12-03
2025-11-29_17-33-28,0,draft.py:2025-11-22_17-12-03
2025-12-03_22-56-13,0,draft.py:2025-12-03_22-56-13
2025-12-03_23-22-52,0,draft.py:2025-12-03_23-22-52
2025-12-03_23-46-18,0,draft.py:2025-12-03_23-46-18
2025-12-04_00-04-57,0,draft.py:2025-12-04_00-04-57
2025-12-04_00-06-36,0,draft.py:2025-12-04_00-04-57
2025-12-04_00-06-59,0,draft.py:2025-12-04_00-04-57
2025-12-04_00-07-00,0,draft.py:2025-12-04_00-04-57
2025-12-04_00-07-01,0,draft.py:2025-12-04_00-04-57
2025-12-04_00-07-01,0,draft.py:2025-12-04_00-04-57
2025-12-04_00-07-58,0,draft.py:2025-12-04_00-04-57
2025-12-04_00-08-02,0,draft.py:2025-12-04_00-04-57
